[
    {
        "grid_height": 32,
        "grid_width": 32,
        "screen_width": 240,
        "screen_height": 320,
        "grid": "XXXXXXXXXXXXXXXXXXXXXXXXXXXXXXXX\nXXXXXXXXXXXXXXXXXXXXXXXXXXXXXXXX\nXXXXXXXXXXXXXXXXXXXXXXXXXXXXXXXX\nXXXXXXXXXXXXXXXXXXXXXXXXXXXXXXXX\nXXXXXXXXXXXXXXXXXXXXXXXXXXXXXXXX\nXXXXXXXXXXXXXXXXXXXXXXXXXXXXXXXX\nXXXXXXXXXXXXXXXXXXXXXXXXXXXXXXXX\nXXXXXXXXXXXXXXXXXXXXXXXXXXXXXXXX\nXXXXXXXXXXXXXXXXXXXXXXXXXXXXXXXX\nXXXXXXXXXXXXXXXXXXXXXXXXXXXXXXXX\nXXXXXXXXXXXXXXXXXXXXXXXXXXXXXXXX\nXXXXXXXXXXXXXXXXXXXXXXXXXXXXXXXX\nXXXXXXXXXXXXXXXXXXXXXXXXXXXXXXXX\nXXXXXXXXXXXXXXXXXXXXXXXXXXXXXXXX\nXXXXXXXXXXXXXXXCCXXXXXXXXXXXXXXX\nXXXXXXXXXXXXXXXCCXXXXXXXXXXXXXXX\nXXXXXXXXXXXXXXXCCXXXXXXXXXXXXXXX\nXXXXXXXXXXXXXXXCCXXXXXXXXXXXXXXX\nXXXXXXXXXXXXXXXXXXXXXXXXXXXXXXXX\nXXXXXXXXXXXXXXXXXXXXXXXXXXXXXXXX\nXXXXXXXXXXXXXXXXXXXXXXXXXXXXXXXX\nXXXXXXXXXXXXXXXXXXXXXXXXXXXXXXXX\nXXXXXXXXXXXXXDDDDXXXXXXXXXXXXXXX\nXXXXXXXXXXXXXDDDDXXXXXXXXXXXXXXX\nXXXXXXXXXXXXXDDDDXXXXXXXXXXXXXXX\nXXXXXXXXXXXXXDDDDXXXXXXXXXXXXXXX\nXXXXXXXXXXXXXDDDDXXXXXXXXXXXXXXX\nXXXXXXXXXXXXXDDDDXXXXXXXXXXXXXXX\nXXXXXXXXXXXXXDDDDXXXXXXXXXXXXXXX\nXXXXXXXXXXXXXDDDDXXXXXXXXXXXXXXX\nXXXXXXXXXXXXXDDDDXXXXXXXXXXXXXXX\nXXXXXXXXXXXXXXXXXXXXXXXXXXXXXXXX\n",
        "available_actions": [
            "MOVE_LEFT",
            "MOVE_RIGHT",
            "ATTACK"
        ],
        "action": [
            false,
            false,
            true
        ],
        "killcount": 0.0,
        "health": 100.0,
        "armor": 0.0,
        "ammo2": 50.0
    },
    {
        "grid_height": 32,
        "grid_width": 32,
        "screen_width": 240,
        "screen_height": 320,
        "grid": "XXXXXXXXXXXXXXXXXXXXXXXXXXXXXXXX\nXXXXXXXXXXXXXXXXXXXXXXXXXXXXXXXX\nXXXXXXXXXXXXXXXXXXXXXXXXXXXXXXXX\nXXXXXXXXXXXXXXXXXXXXXXXXXXXXXXXX\nXXXXXXXXXXXXXXXXXXXXXXXXXXXXXXXX\nXXXXXXXXXXXXXXXXXXXXXXXXXXXXXXXX\nXXXXXXXXXXXXXXXXXXXXXXXXXXXXXXXX\nXXXXXXXXXXXXXXXXXXXXXXXXXXXXXXXX\nXXXXXXXXXXXXXXXXXXXXXXXXXXXXXXXX\nXXXXXXXXXXXXXXXXXXXXXXXXXXXXXXXX\nXXXXXXXXXXXXXXXXXXXXXXXXXXXXXXXX\nXXXXXXXXXXXXXXXXXXXXXXXXXXXXXXXX\nXXXXXXXXXXXXXXXXXXXXXXXXXXXXXXXX\nXXXXXXXXXXXXXXXXXXXXXXXXXXXXXXXX\nXXXXXXXXXXXXXXXCCXXXXXXXXXXXXXXX\nXXXXXXXXXXXXXXXCCXXXXXXXXXXXXXXX\nXXXXXXXXXXXXXXXCCXXXXXXXXXXXXXXX\nXXXXXXXXXXXXXXXCCXXXXXXXXXXXXXXX\nXXXXXXXXXXXXXXXXXXXXXXXXXXXXXXXX\nXXXXXXXXXXXXXXXXXXXXXXXXXXXXXXXX\nXXXXXXXXXXXXXXXXXXXXXXXXXXXXXXXX\nXXXXXXXXXXXXXDDDDXXXXXXXXXXXXXXX\nXXXXXXXXXXXXXDDDDXXXXXXXXXXXXXXX\nXXXXXXXXXXXXXDDDDXXXXXXXXXXXXXXX\nXXXXXXXXXXXXXDDDDXXXXXXXXXXXXXXX\nXXXXXXXXXXXXXDDDDXXXXXXXXXXXXXXX\nXXXXXXXXXXXXXDDDDXXXXXXXXXXXXXXX\nXXXXXXXXXXXXXDDDDXXXXXXXXXXXXXXX\nXXXXXXXXXXXXXDDDDXXXXXXXXXXXXXXX\nXXXXXXXXXXXXXDDDDXXXXXXXXXXXXXXX\nXXXXXXXXXXXXXDDDDXXXXXXXXXXXXXXX\nXXXXXXXXXXXXXXXXXXXXXXXXXXXXXXXX\n",
        "available_actions": [
            "MOVE_LEFT",
            "MOVE_RIGHT",
            "ATTACK"
        ],
        "action": [
            true,
            false,
            false
        ],
        "killcount": 0.0,
        "health": 100.0,
        "armor": 0.0,
        "ammo2": 50.0
    },
    {
        "grid_height": 32,
        "grid_width": 32,
        "screen_width": 240,
        "screen_height": 320,
        "grid": "XXXXXXXXXXXXXXXXXXXXXXXXXXXXXXXX\nXXXXXXXXXXXXXXXXXXXXXXXXXXXXXXXX\nXXXXXXXXXXXXXXXXXXXXXXXXXXXXXXXX\nXXXXXXXXXXXXXXXXXXXXXXXXXXXXXXXX\nXXXXXXXXXXXXXXXXXXXXXXXXXXXXXXXX\nXXXXXXXXXXXXXXXXXXXXXXXXXXXXXXXX\nXXXXXXXXXXXXXXXXXXXXXXXXXXXXXXXX\nXXXXXXXXXXXXXXXXXXXXXXXXXXXXXXXX\nXXXXXXXXXXXXXXXXXXXXXXXXXXXXXXXX\nXXXXXXXXXXXXXXXXXXXXXXXXXXXXXXXX\nXXXXXXXXXXXXXXXXXXXXXXXXXXXXXXXX\nXXXXXXXXXXXXXXXXXXXXXXXXXXXXXXXX\nXXXXXXXXXXXXXXXXXXXXXXXXXXXXXXXX\nXXXXXXXXXXXXXXXXXXXXXXXXXXXXXXXX\nXXXXXXXXXXXXXXXCCXXXXXXXXXXXXXXX\nXXXXXXXXXXXXXXXCCXXXXXXXXXXXXXXX\nXXXXXXXXXXXXXXXCCXXXXXXXXXXXXXXX\nXXXXXXXXXXXXXXXCCXXXXXXXXXXXXXXX\nXXXXXXXXXXXXXXXXXXXXXXXXXXXXXXXX\nXXXXXXXXXXXXXXXXXXXXXXXXXXXXXXXX\nXXXXXXXXXXXXXXXXXXXXXXXXXXXXXXXX\nXXXXXXXXXXXXXDDDDXXXXXXXXXXXXXXX\nXXXXXXXXXXXXXDDDDXXXXXXXXXXXXXXX\nXXXXXXXXXXXXXDDDDXXXXXXXXXXXXXXX\nXXXXXXXXXXXXXDDDDXXXXXXXXXXXXXXX\nXXXXXXXXXXXXXDDDDXXXXXXXXXXXXXXX\nXXXXXXXXXXXXXDDDDXXXXXXXXXXXXXXX\nXXXXXXXXXXXXXDDDDXXXXXXXXXXXXXXX\nXXXXXXXXXXXXXDDDDXXXXXXXXXXXXXXX\nXXXXXXXXXXXXXDDDDXXXXXXXXXXXXXXX\nXXXXXXXXXXXXXDDDDXXXXXXXXXXXXXXX\nXXXXXXXXXXXXXXXXXXXXXXXXXXXXXXXX\n",
        "available_actions": [
            "MOVE_LEFT",
            "MOVE_RIGHT",
            "ATTACK"
        ],
        "action": [
            false,
            true,
            false
        ],
        "killcount": 0.0,
        "health": 100.0,
        "armor": 0.0,
        "ammo2": 50.0
    },
    {
        "grid_height": 32,
        "grid_width": 32,
        "screen_width": 240,
        "screen_height": 320,
        "grid": "XXXXXXXXXXXXXXXXXXXXXXXXXXXXXXXX\nXXXXXXXXXXXXXXXXXXXXXXXXXXXXXXXX\nXXXXXXXXXXXXXXXXXXXXXXXXXXXXXXXX\nXXXXXXXXXXXXXXXXXXXXXXXXXXXXXXXX\nXXXXXXXXXXXXXXXXXXXXXXXXXXXXXXXX\nXXXXXXXXXXXXXXXXXXXXXXXXXXXXXXXX\nXXXXXXXXXXXXXXXXXXXXXXXXXXXXXXXX\nXXXXXXXXXXXXXXXXXXXXXXXXXXXXXXXX\nXXXXXXXXXXXXXXXXXXXXXXXXXXXXXXXX\nXXXXXXXXXXXXXXXXXXXXXXXXXXXXXXXX\nXXXXXXXXXXXXXXXXXXXXXXXXXXXXXXXX\nXXXXXXXXXXXXXXXXXXXXXXXXXXXXXXXX\nXXXXXXXXXXXXXXXXXXXXXXXXXXXXXXXX\nXXXXXXXXXXXXXXXXXXXXXXXXXXXXXXXX\nXXXXXXXXXXXXXXXCCXXXXXXXXXXXXXXX\nXXXXXXXXXXXXXXXCCXXXXXXXXXXXXXXX\nXXXXXXXXXXXXXXXCCXXXXXXXXXXXXXXX\nXXXXXXXXXXXXXXXCCXXXXXXXXXXXXXXX\nXXXXXXXXXXXXXXXXXXXXXXXXXXXXXXXX\nXXXXXXXXXXXXXXXXXXXXXXXXXXXXXXXX\nXXXXXXXXXXXXXXXXXXXXXXXXXXXXXXXX\nXXXXXXXXXXXXXDDDDXXXXXXXXXXXXXXX\nXXXXXXXXXXXXXDDDDXXXXXXXXXXXXXXX\nXXXXXXXXXXXXXDDDDXXXXXXXXXXXXXXX\nXXXXXXXXXXXXXDDDDXXXXXXXXXXXXXXX\nXXXXXXXXXXXXXDDDDXXXXXXXXXXXXXXX\nXXXXXXXXXXXXXDDDDXXXXXXXXXXXXXXX\nXXXXXXXXXXXXXDDDDXXXXXXXXXXXXXXX\nXXXXXXXXXXXXXDDDDXXXXXXXXXXXXXXX\nXXXXXXXXXXXXXDDDDXXXXXXXXXXXXXXX\nXXXXXXXXXXXXXDDDDXXXXXXXXXXXXXXX\nXXXXXXXXXXXXXXXXXXXXXXXXXXXXXXXX\n",
        "available_actions": [
            "MOVE_LEFT",
            "MOVE_RIGHT",
            "ATTACK"
        ],
        "action": [
            false,
            false,
            true
        ],
        "killcount": 0.0,
        "health": 100.0,
        "armor": 0.0,
        "ammo2": 50.0
    },
    {
        "grid_height": 32,
        "grid_width": 32,
        "screen_width": 240,
        "screen_height": 320,
        "grid": "XXXXXXXXXXXXXXXXXXXXXXXXXXXXXXXX\nXXXXXXXXXXXXXXXXXXXXXXXXXXXXXXXX\nXXXXXXXXXXXXXXXXXXXXXXXXXXXXXXXX\nXXXXXXXXXXXXXXXXXXXXXXXXXXXXXXXX\nXXXXXXXXXXXXXXXXXXXXXXXXXXXXXXXX\nXXXXXXXXXXXXXXXXXXXXXXXXXXXXXXXX\nXXXXXXXXXXXXXXXXXXXXXXXXXXXXXXXX\nXXXXXXXXXXXXXXXXXXXXXXXXXXXXXXXX\nXXXXXXXXXXXXXXXXXXXXXXXXXXXXXXXX\nXXXXXXXXXXXXXXXXXXXXXXXXXXXXXXXX\nXXXXXXXXXXXXXXXXXXXXXXXXXXXXXXXX\nXXXXXXXXXXXXXXXXXXXXXXXXXXXXXXXX\nXXXXXXXXXXXXXXXXXXXXXXXXXXXXXXXX\nXXXXXXXXXXXXXXXXXXXXXXXXXXXXXXXX\nXXXXXXXXXXXXXXXCCXXXXXXXXXXXXXXX\nXXXXXXXXXXXXXXXCCXXXXXXXXXXXXXXX\nXXXXXXXXXXXXXXXCCXXXXXXXXXXXXXXX\nXXXXXXXXXXXXXXXCCXXXXXXXXXXXXXXX\nXXXXXXXXXXXXXXXXXXXXXXXXXXXXXXXX\nXXXXXXXXXXXXXXXXXXXXXXXXXXXXXXXX\nXXXXXXXXXXXXXXXXXXXXXXXXXXXXXXXX\nXXXXXXXXXXXXXDDDDXXXXXXXXXXXXXXX\nXXXXXXXXXXXXXDDDDXXXXXXXXXXXXXXX\nXXXXXXXXXXXXXDDDDXXXXXXXXXXXXXXX\nXXXXXXXXXXXXXDDDDXXXXXXXXXXXXXXX\nXXXXXXXXXXXXXDDDDXXXXXXXXXXXXXXX\nXXXXXXXXXXXXXDDDDXXXXXXXXXXXXXXX\nXXXXXXXXXXXXXDDDDXXXXXXXXXXXXXXX\nXXXXXXXXXXXXXDDDDXXXXXXXXXXXXXXX\nXXXXXXXXXXXXXDDDDXXXXXXXXXXXXXXX\nXXXXXXXXXXXXXDDDDXXXXXXXXXXXXXXX\nXXXXXXXXXXXXXXXXXXXXXXXXXXXXXXXX\n",
        "available_actions": [
            "MOVE_LEFT",
            "MOVE_RIGHT",
            "ATTACK"
        ],
        "action": [
            true,
            false,
            false
        ],
        "killcount": 0.0,
        "health": 100.0,
        "armor": 0.0,
        "ammo2": 50.0
    },
    {
        "grid_height": 32,
        "grid_width": 32,
        "screen_width": 240,
        "screen_height": 320,
        "grid": "XXXXXXXXXXXXXXXXXXXXXXXXXXXXXXXX\nXXXXXXXXXXXXXXXXXXXXXXXXXXXXXXXX\nXXXXXXXXXXXXXXXXXXXXXXXXXXXXXXXX\nXXXXXXXXXXXXXXXXXXXXXXXXXXXXXXXX\nXXXXXXXXXXXXXXXXXXXXXXXXXXXXXXXX\nXXXXXXXXXXXXXXXXXXXXXXXXXXXXXXXX\nXXXXXXXXXXXXXXXXXXXXXXXXXXXXXXXX\nXXXXXXXXXXXXXXXXXXXXXXXXXXXXXXXX\nXXXXXXXXXXXXXXXXXXXXXXXXXXXXXXXX\nXXXXXXXXXXXXXXXXXXXXXXXXXXXXXXXX\nXXXXXXXXXXXXXXXXXXXXXXXXXXXXXXXX\nXXXXXXXXXXXXXXXXXXXXXXXXXXXXXXXX\nXXXXXXXXXXXXXXXXXXXXXXXXXXXXXXXX\nXXXXXXXXXXXXXXXXXXXXXXXXXXXXXXXX\nXXXXXXXXXXXXXXXCCXXXXXXXXXXXXXXX\nXXXXXXXXXXXXXXXCCXXXXXXXXXXXXXXX\nXXXXXXXXXXXXXXXCCXXXXXXXXXXXXXXX\nXXXXXXXXXXXXXXXCCXXXXXXXXXXXXXXX\nXXXXXXXXXXXXXXXXXXXXXXXXXXXXXXXX\nXXXXXXXXXXXXXXXXXXXXXXXXXXXXXXXX\nXXXXXXXXXXXXXXXXXXXXXXXXXXXXXXXX\nXXXXXXXXXXXXXDDDDXXXXXXXXXXXXXXX\nXXXXXXXXXXXXXDDDDXXXXXXXXXXXXXXX\nXXXXXXXXXXXXXDDDDXXXXXXXXXXXXXXX\nXXXXXXXXXXXXXDDDDXXXXXXXXXXXXXXX\nXXXXXXXXXXXXXDDDDXXXXXXXXXXXXXXX\nXXXXXXXXXXXXXDDDDXXXXXXXXXXXXXXX\nXXXXXXXXXXXXXDDDDXXXXXXXXXXXXXXX\nXXXXXXXXXXXXXDDDDXXXXXXXXXXXXXXX\nXXXXXXXXXXXXXDDDDXXXXXXXXXXXXXXX\nXXXXXXXXXXXXXDDDDXXXXXXXXXXXXXXX\nXXXXXXXXXXXXXXXXXXXXXXXXXXXXXXXX\n",
        "available_actions": [
            "MOVE_LEFT",
            "MOVE_RIGHT",
            "ATTACK"
        ],
        "action": [
            true,
            false,
            false
        ],
        "killcount": 0.0,
        "health": 100.0,
        "armor": 0.0,
        "ammo2": 50.0
    },
    {
        "grid_height": 32,
        "grid_width": 32,
        "screen_width": 240,
        "screen_height": 320,
        "grid": "XXXXXXXXXXXXXXXXXXXXXXXXXXXXXXXX\nXXXXXXXXXXXXXXXXXXXXXXXXXXXXXXXX\nXXXXXXXXXXXXXXXXXXXXXXXXXXXXXXXX\nXXXXXXXXXXXXXXXXXXXXXXXXXXXXXXXX\nXXXXXXXXXXXXXXXXXXXXXXXXXXXXXXXX\nXXXXXXXXXXXXXXXXXXXXXXXXXXXXXXXX\nXXXXXXXXXXXXXXXXXXXXXXXXXXXXXXXX\nXXXXXXXXXXXXXXXXXXXXXXXXXXXXXXXX\nXXXXXXXXXXXXXXXXXXXXXXXXXXXXXXXX\nXXXXXXXXXXXXXXXXXXXXXXXXXXXXXXXX\nXXXXXXXXXXXXXXXXXXXXXXXXXXXXXXXX\nXXXXXXXXXXXXXXXXXXXXXXXXXXXXXXXX\nXXXXXXXXXXXXXXXXXXXXXXXXXXXXXXXX\nXXXXXXXXXXXXXXXXXXXXXXXXXXXXXXXX\nXXXXXXXXXXXXXXXCCXXXXXXXXXXXXXXX\nXXXXXXXXXXXXXXXCCXXXXXXXXXXXXXXX\nXXXXXXXXXXXXXXXCCXXXXXXXXXXXXXXX\nXXXXXXXXXXXXXXXCCXXXXXXXXXXXXXXX\nXXXXXXXXXXXXXXXXXXXXXXXXXXXXXXXX\nXXXXXXXXXXXXXXXXXXXXXXXXXXXXXXXX\nXXXXXXXXXXXXXXXXXXXXXXXXXXXXXXXX\nXXXXXXXXXXXXXDDDDXXXXXXXXXXXXXXX\nXXXXXXXXXXXXXDDDDXXXXXXXXXXXXXXX\nXXXXXXXXXXXXXDDDDXXXXXXXXXXXXXXX\nXXXXXXXXXXXXXDDDDXXXXXXXXXXXXXXX\nXXXXXXXXXXXXXDDDDXXXXXXXXXXXXXXX\nXXXXXXXXXXXXXDDDDXXXXXXXXXXXXXXX\nXXXXXXXXXXXXXDDDDXXXXXXXXXXXXXXX\nXXXXXXXXXXXXXDDDDXXXXXXXXXXXXXXX\nXXXXXXXXXXXXXDDDDXXXXXXXXXXXXXXX\nXXXXXXXXXXXXXDDDDXXXXXXXXXXXXXXX\nXXXXXXXXXXXXXXXXXXXXXXXXXXXXXXXX\n",
        "available_actions": [
            "MOVE_LEFT",
            "MOVE_RIGHT",
            "ATTACK"
        ],
        "action": [
            false,
            false,
            true
        ],
        "killcount": 0.0,
        "health": 100.0,
        "armor": 0.0,
        "ammo2": 50.0
    },
    {
        "grid_height": 32,
        "grid_width": 32,
        "screen_width": 240,
        "screen_height": 320,
        "grid": "XXXXXXXXXXXXXXXXXXXXXXXXXXXXXXXX\nXXXXXXXXXXXXXXXXXXXXXXXXXXXXXXXX\nXXXXXXXXXXXXXXXXXXXXXXXXXXXXXXXX\nXXXXXXXXXXXXXXXXXXXXXXXXXXXXXXXX\nXXXXXXXXXXXXXXXXXXXXXXXXXXXXXXXX\nXXXXXXXXXXXXXXXXXXXXXXXXXXXXXXXX\nXXXXXXXXXXXXXXXXXXXXXXXXXXXXXXXX\nXXXXXXXXXXXXXXXXXXXXXXXXXXXXXXXX\nXXXXXXXXXXXXXXXXXXXXXXXXXXXXXXXX\nXXXXXXXXXXXXXXXXXXXXXXXXXXXXXXXX\nXXXXXXXXXXXXXXXXXXXXXXXXXXXXXXXX\nXXXXXXXXXXXXXXXXXXXXXXXXXXXXXXXX\nXXXXXXXXXXXXXXXXXXXXXXXXXXXXXXXX\nXXXXXXXXXXXXXXXXXXXXXXXXXXXXXXXX\nXXXXXXXXXXXXXXXCCXXXXXXXXXXXXXXX\nXXXXXXXXXXXXXXXCCXXXXXXXXXXXXXXX\nXXXXXXXXXXXXXXXCCXXXXXXXXXXXXXXX\nXXXXXXXXXXXXXXXCCXXXXXXXXXXXXXXX\nXXXXXXXXXXXXXXXXXXXXXXXXXXXXXXXX\nXXXXXXXXXXXXXXXXXXXXXXXXXXXXXXXX\nXXXXXXXXXXXXXXXXXXXXXXXXXXXXXXXX\nXXXXXXXXXXXXXDDDDXXXXXXXXXXXXXXX\nXXXXXXXXXXXXXDDDDXXXXXXXXXXXXXXX\nXXXXXXXXXXXXXDDDDXXXXXXXXXXXXXXX\nXXXXXXXXXXXXXDDDDXXXXXXXXXXXXXXX\nXXXXXXXXXXXXXDDDDXXXXXXXXXXXXXXX\nXXXXXXXXXXXXXDDDDXXXXXXXXXXXXXXX\nXXXXXXXXXXXXXDDDDXXXXXXXXXXXXXXX\nXXXXXXXXXXXXXDDDDXXXXXXXXXXXXXXX\nXXXXXXXXXXXXXDDDDXXXXXXXXXXXXXXX\nXXXXXXXXXXXXXDDDDXXXXXXXXXXXXXXX\nXXXXXXXXXXXXXXXXXXXXXXXXXXXXXXXX\n",
        "available_actions": [
            "MOVE_LEFT",
            "MOVE_RIGHT",
            "ATTACK"
        ],
        "action": [
            false,
            true,
            false
        ],
        "killcount": 0.0,
        "health": 100.0,
        "armor": 0.0,
        "ammo2": 50.0
    },
    {
        "grid_height": 32,
        "grid_width": 32,
        "screen_width": 240,
        "screen_height": 320,
        "grid": "XXXXXXXXXXXXXXXXXXXXXXXXXXXXXXXX\nXXXXXXXXXXXXXXXXXXXXXXXXXXXXXXXX\nXXXXXXXXXXXXXXXXXXXXXXXXXXXXXXXX\nXXXXXXXXXXXXXXXXXXXXXXXXXXXXXXXX\nXXXXXXXXXXXXXXXXXXXXXXXXXXXXXXXX\nXXXXXXXXXXXXXXXXXXXXXXXXXXXXXXXX\nXXXXXXXXXXXXXXXXXXXXXXXXXXXXXXXX\nXXXXXXXXXXXXXXXXXXXXXXXXXXXXXXXX\nXXXXXXXXXXXXXXXXXXXXXXXXXXXXXXXX\nXXXXXXXXXXXXXXXXXXXXXXXXXXXXXXXX\nXXXXXXXXXXXXXXXXXXXXXXXXXXXXXXXX\nXXXXXXXXXXXXXXXXXXXXXXXXXXXXXXXX\nXXXXXXXXXXXXXXXXXXXXXXXXXXXXXXXX\nXXXXXXXXXXXXXXXXXXXXXXXXXXXXXXXX\nXXXXXXXXXXXXXXXCCXXXXXXXXXXXXXXX\nXXXXXXXXXXXXXXXCCXXXXXXXXXXXXXXX\nXXXXXXXXXXXXXXXCCXXXXXXXXXXXXXXX\nXXXXXXXXXXXXXXXCCXXXXXXXXXXXXXXX\nXXXXXXXXXXXXXXXXXXXXXXXXXXXXXXXX\nXXXXXXXXXXXXXXXXXXXXXXXXXXXXXXXX\nXXXXXXXXXXXXXXXXXXXXXXXXXXXXXXXX\nXXXXXXXXXXXXXDDDDXXXXXXXXXXXXXXX\nXXXXXXXXXXXXXDDDDXXXXXXXXXXXXXXX\nXXXXXXXXXXXXXDDDDXXXXXXXXXXXXXXX\nXXXXXXXXXXXXXDDDDXXXXXXXXXXXXXXX\nXXXXXXXXXXXXXDDDDXXXXXXXXXXXXXXX\nXXXXXXXXXXXXXDDDDXXXXXXXXXXXXXXX\nXXXXXXXXXXXXXDDDDXXXXXXXXXXXXXXX\nXXXXXXXXXXXXXDDDDXXXXXXXXXXXXXXX\nXXXXXXXXXXXXXDDDDXXXXXXXXXXXXXXX\nXXXXXXXXXXXXXDDDDXXXXXXXXXXXXXXX\nXXXXXXXXXXXXXXXXXXXXXXXXXXXXXXXX\n",
        "available_actions": [
            "MOVE_LEFT",
            "MOVE_RIGHT",
            "ATTACK"
        ],
        "action": [
            false,
            true,
            false
        ],
        "killcount": 0.0,
        "health": 100.0,
        "armor": 0.0,
        "ammo2": 50.0
    },
    {
        "grid_height": 32,
        "grid_width": 32,
        "screen_width": 240,
        "screen_height": 320,
        "grid": "XXXXXXXXXXXXXXXXXXXXXXXXXXXXXXXX\nXXXXXXXXXXXXXXXXXXXXXXXXXXXXXXXX\nXXXXXXXXXXXXXXXXXXXXXXXXXXXXXXXX\nXXXXXXXXXXXXXXXXXXXXXXXXXXXXXXXX\nXXXXXXXXXXXXXXXXXXXXXXXXXXXXXXXX\nXXXXXXXXXXXXXXXXXXXXXXXXXXXXXXXX\nXXXXXXXXXXXXXXXXXXXXXXXXXXXXXXXX\nXXXXXXXXXXXXXXXXXXXXXXXXXXXXXXXX\nXXXXXXXXXXXXXXXXXXXXXXXXXXXXXXXX\nXXXXXXXXXXXXXXXXXXXXXXXXXXXXXXXX\nXXXXXXXXXXXXXXXXXXXXXXXXXXXXXXXX\nXXXXXXXXXXXXXXXXXXXXXXXXXXXXXXXX\nXXXXXXXXXXXXXXXXXXXXXXXXXXXXXXXX\nXXXXXXXXXXXXXXXXXXXXXXXXXXXXXXXX\nXXXXXXXXXXXXXXXDDXXXXXXXXXXXXXXX\nXXXXXXXXXXXXXDDDDDXXXXXXXXXXXXXX\nXXXXXXXXXXXXXDDDDDXXXXXXXXXXXXXX\nXXXXXXXXXXXXXDDDDDXXXXXXXXXXXXXX\nXXXXXXXXXXXXXDDDDDXXXXXXXXXXXXXX\nXXXXXXXXXXXXXDDDDDXXXXXXXXXXXXXX\nXXXXXXXXXXXXXDDDDDXXXXXXXXXXXXXX\nXXXXXXXXXXXXXDDDDDXXXXXXXXXXXXXX\nXXXXXXXXXXXXXDDDDDXXXXXXXXXXXXXX\nXXXXXXXXXXXXXDDDDDXXXXXXXXXXXXXX\nXXXXXXXXXXXXXDDDDDXXXXXXXXXXXXXX\nXXXXXXXXXXXXXDDDDDXXXXXXXXXXXXXX\nXXXXXXXXXXXXXDDDDDXXXXXXXXXXXXXX\nXXXXXXXXXXXXXDDDDDXXXXXXXXXXXXXX\nXXXXXXXXXXXXXDDDDDXXXXXXXXXXXXXX\nXXXXXXXXXXXXXDDDDDXXXXXXXXXXXXXX\nXXXXXXXXXXXXXDDDDDXXXXXXXXXXXXXX\nXXXXXXXXXXXXXXXXXXXXXXXXXXXXXXXX\n",
        "available_actions": [
            "MOVE_LEFT",
            "MOVE_RIGHT",
            "ATTACK"
        ],
        "action": [
            false,
            false,
            true
        ],
        "killcount": 1.0,
        "health": 100.0,
        "armor": 0.0,
        "ammo2": 49.0
    }
]